{"mse": 0.4249150513156757, "r2": 0.09322291746161515}