{"mse": 0.007238405219096378, "r2": 0.9674271765140663}